,Country,MPI,Intensity,Population 2020,Region,Nutrition,Child Mortality,Years of Schooling,School Attendance,Cooking Fuel,Sanitation,Drinking Water,Electricity,Housing,Assets,Weight,Nutrition_w,Child Mortality_w,Years of Schooling_w,School Attendance_w,Cooking Fuel_w,Sanitation_w,Drinking Water_w,Electricity_w,Housing_w,Assets_w,Health,Education,Living Standards,Health_w,Education_w,Living Standards_w
0,Serbia,0.0004331141474629,38.101535322504546,7358.005,Europe and Central Asia,3.8364649653908306e-05,9.563029811919757e-05,9.087222894905203e-05,8.275604554300042e-05,5.5717513888677477e-05,1.6946694116090916e-05,1.378448913414809e-05,4.145764122911932e-06,2.6047894504103248e-05,8.848569431805752e-06,0.0012106219823551326,4.6445088216374624e-08,1.1577214108227527e-07,1.1001191795133084e-07,1.001862879071388e-07,6.745284711581036e-08,2.0516040425188046e-08,1.6687805561335147e-08,5.018953180856431e-09,3.153415368073484e-08,1.0712272666539708e-08,0.0001339949477731059,0.00017362827449205246,0.0001254909251977374,1.6221722929864988e-07,2.1019820585846966e-07,1.5192207263046451e-07
1,Armenia,0.0006900690078574,36.213946906679,2805.608,Europe and Central Asia,0.00022849142683926076,0.0,3.942228173145333e-05,0.00021434846041280985,4.031730535028025e-05,0.00010586299030595002,2.1272742924478124e-05,0.0,1.3140760577159092e-05,2.721303971600693e-05,0.0004616102759744549,1.0547399060106813e-07,0.0,1.8197730349598885e-08,9.894545196585669e-08,1.8610882449289234e-08,4.886744417061063e-08,9.81971673210198e-09,0.0,6.065910116536646e-09,1.2561818773409762e-08,0.00022849142683926076,0.0002537707421442632,0.0002078068388738744,1.0547399060106813e-07,1.1714318231545557e-07,9.592577224194825e-08
2,Ukraine,0.0008404317588393,34.41045380222842,43909.666,Europe and Central Asia,0.0,0.000508320336099037,0.00015290205964328394,8.543781388986096e-05,3.695332983167556e-05,1.6373575269180166e-05,1.285635846087323e-05,2.419263190331614e-06,8.126329289947164e-06,1.704269316511995e-05,0.007224513560057619,0.0,3.672367161000539e-06,1.1046430032536438e-06,6.172466449889797e-07,2.6696983245822184e-07,1.1829111655881619e-07,9.288093603354015e-08,1.7477999723899002e-08,5.8708776148716686e-08,1.2312516787131038e-07,0.000508320336099037,0.00023833987353314492,9.377154920712769e-05,3.672367161000539e-06,1.7218896482426234e-06,6.774538287945042e-07
3,Turkmenistan,0.0008491773862619,34.047835501893296,6250.438,Europe and Central Asia,0.0004013621648375096,0.0002983975818334146,0.0,0.0001315974441210785,0.0,0.0,0.0,0.0,1.7820195469894376e-05,0.0,0.0010283925659397963,4.1275786656839795e-07,3.068698548518956e-07,0.0,1.3533383323079487e-07,0.0,0.0,0.0,0.0,1.832615654483341e-08,0.0,0.0006997597466709242,0.0001315974441210785,1.7820195469894376e-05,7.196277214202936e-07,1.3533383323079487e-07,1.832615654483341e-08
4,Georgia,0.0012446002611653,36.59234487059244,3765.912,Europe and Central Asia,0.0001558477497122506,0.00043089484172567036,7.624056073563718e-05,0.00021952259271892347,9.617287082398127e-05,8.422612212625268e-05,6.644404290788101e-05,1.7593689452234868e-06,8.83628701911656e-05,2.5129241278336953e-05,0.0006196103224739562,9.6564874456048e-08,2.6698689183400694e-07,4.7239438423003394e-08,1.3601846446489113e-07,5.958970350449317e-08,5.218737469137824e-08,4.116941485262554e-08,1.0901231595005888e-09,5.475054649387245e-08,1.557033729199621e-08,0.0005867425914379209,0.00029576315345456063,0.00036209451627284097,3.6355176629005494e-07,1.8325790288789453e-07,2.2435749999386617e-07
5,North Macedonia,0.001422062911959,38.24223660617487,2111.072,Europe and Central Asia,8.176198901668447e-05,0.0003397269042023938,0.0005379990562572233,0.00021012737065983855,0.00010426118911143204,5.2752392898936915e-05,2.328999372996286e-06,4.4325124628514363e-05,0.0,4.8779885810998034e-05,0.00034733737875068237,2.8398994946497267e-08,1.1799985239674363e-07,1.8686718197072485e-07,7.298509012876137e-08,3.621380813139399e-08,1.832287787234286e-08,8.089485373285128e-10,1.5395772601265492e-08,0.0,1.694307767334966e-08,0.00042148889321907826,0.0007481264269170618,0.00025244759182287764,1.463988473432409e-07,2.598522720994862e-07,8.768448481568051e-08
6,Kyrgyzstan,0.0014259649128426,36.281225280422156,6424.874,Europe and Central Asia,0.0006550517987478039,0.00026617936099870674,6.578042051274901e-05,0.0001888092277758404,0.00014676255952467273,2.9433758400287447e-05,5.360190969154544e-05,0.0,2.0345877190998284e-05,0.0,0.0010570927443324584,6.924505036182293e-07,2.8137627120278304e-07,6.953600524316499e-08,1.9958886474485537e-07,1.5514163681319208e-07,3.111421244337841e-08,5.6662189817296366e-08,0.0,2.1507479155683546e-08,0.0,0.0009212311597465107,0.0002545896482885894,0.00025014410480750387,9.738267748210123e-07,2.6912486998802036e-07,2.644255182295504e-07
7,Argentina,0.0014692951081311,33.98602364908878,45036.032,Latin America and the Caribbean,0.0005267111166080529,0.0004970868592847348,0.00017699089283805164,0.0001371736117339011,3.5058890012535233e-06,3.531597320408342e-05,4.594534806731535e-06,2.8023789590844035e-06,5.1174809105598894e-05,3.3939042589621576e-05,0.0074098360000094034,3.902842993447501e-06,3.683332105059637e-06,1.3114734894252016e-06,1.0164339664771727e-06,2.597806253352537e-08,2.6168556962298477e-07,3.4044749414215576e-08,2.0765168496692492e-08,3.791969428042757e-07,2.514827395864303e-07,0.0010237979758927877,0.0003141645045719527,0.00013133262766637334,7.586175098507138e-06,2.3279074559023745e-06,9.731532324581244e-07
8,Jordan,0.0015259204752518,35.38750026592064,10928.721,Arab States,0.0002927277465683483,0.0002795518303386402,0.00040877302231052905,0.00040744891488794793,5.224163128206594e-06,2.1778627967972107e-05,3.207059149950019e-05,0.0,5.9799612790958386e-05,1.8545965759663107e-05,0.001798116457059511,5.263585785424929e-07,5.026667467330172e-07,7.350214986185169e-07,7.326405992710591e-07,9.393653695191771e-09,3.916050936138718e-08,5.766665836288414e-08,0.0,1.075266678852087e-07,3.3347806244512425e-08,0.0005722795769069885,0.000816221937198477,0.00013741896114630037,1.02902532527551e-06,1.467662097889576e-06,2.470952955491842e-07
9,Kazakhstan,0.0016106326619995,35.5565398002701,18979.243,Europe and Central Asia,0.0007518956693614222,0.0007048157088658364,3.067492149391633e-06,4.707996049559515e-05,1.6715817548338915e-05,0.0,3.358979989183097e-05,1.0224973831310812e-06,5.142321892083137e-05,1.0224973831310812e-06,0.0031226791479836958,2.3479289281741567e-06,2.2009133172466944e-06,9.57879377150894e-09,1.470156109274911e-07,5.2198134899697874e-08,0.0,1.0489016770716556e-07,3.192931257171323e-09,1.6057821344628078e-07,3.192931257171323e-09,0.0014567113782272586,5.014745264498678e-05,0.00010377383112726342,4.548842245420851e-06,1.5659440469900006e-07,3.2405237856748687e-07
10,"Palestine, State of",0.0019800922697394,34.97258081680731,5019.401,Arab States,0.000826908773007906,0.00041869721425004673,7.23718428916048e-05,0.0005415320904059099,1.863892210632464e-05,5.275384898662039e-05,1.3537625956683558e-05,0.0,2.8883633796082438e-05,6.7683183381279565e-06,0.0008258484723583818,6.829013469683231e-07,3.457804547691112e-07,5.976817589379263e-08,4.4722344959476183e-07,1.5392925347915074e-08,4.356668559662522e-08,1.1180027715686295e-08,0.0,2.385350484665361e-08,5.589605359978194e-09,0.0012456059872579528,0.0006139039332975147,0.00012058234918383898,1.0286818017374342e-06,5.069916254885545e-07,9.958274886685839e-08
11,Costa Rica,0.0020063009860111,37.1216433271745,5123.105,Latin America and the Caribbean,0.00038318629990723385,0.00042911223512252653,0.0005342240168928223,0.00028812474186033153,0.0,8.499534636486867e-05,3.629714820554512e-05,3.812541925276834e-05,0.00015915278457276895,5.308299383222834e-05,0.0008429110242400611,3.2299195652956575e-07,3.617034336210708e-07,4.503033132527686e-07,2.4286352127039526e-07,0.0,7.164351446005021e-08,3.0595266370929335e-08,3.213633619193271e-08,1.3415163665489048e-07,4.4744240700852435e-08,0.0008122985350297604,0.0008223487587531539,0.00037165369222817945,6.846953901506365e-07,6.931668345231639e-07,3.132709943786552e-07
12,Thailand,0.0021206823329644,36.70324638862369,71475.664,East Asia and the Pacific,0.0005629339832165424,0.0002485196696593547,0.0006719230359485788,0.0002838714070840606,0.00015656890982148342,4.410855202620865e-05,1.8743873694790587e-05,1.5997402691356012e-05,5.713451044316221e-05,6.088098837900516e-05,0.01175998250094005,6.620093791811018e-06,2.9225869663334135e-06,7.9018031447338e-06,3.3383227798257826e-06,1.8412476396919058e-06,5.187157999700175e-07,2.2042762665056782e-07,1.8812917571083797e-07,6.719008430113642e-07,7.159593579770352e-07,0.0008114536528758972,0.0009557944430326395,0.00035343423705600603,9.542680758144432e-06,1.1240125924559582e-05,4.156380443011729e-06
13,Trinidad and Tobago,0.0024179247018798,37.98419861716297,1518.147,Latin America and the Caribbean,0.000430069524314354,0.0006698600214777599,0.0005422026504184345,0.0002805145005934816,5.821161160444423e-06,4.5484903751921885e-05,4.409942281376802e-05,0.00013031881008746278,0.00017562300774010613,9.393069952193517e-05,0.0002497826694391343,1.0742391382765803e-07,1.673194243152707e-07,1.3543282539849032e-07,7.006766077462546e-08,1.4540251738912168e-09,1.1361340678337145e-08,1.1015271551148035e-08,3.255138026177804e-08,4.386758368825346e-08,2.3462260868874187e-08,0.001099929545792114,0.000822717151011916,0.0004952780050756384,2.7474333814292873e-07,2.055004861731158e-07,1.2371186222228208e-07
14,Maldives,0.0026540936227336,34.37993933498948,514.438,South Asia,0.0012279033595398627,0.0009138143318115903,0.00012997795632108816,0.0002716255637105144,1.5786411289304254e-05,9.991858504949749e-06,1.627921238235312e-05,3.0475338818128984e-06,6.261986141036078e-05,3.0475338818128984e-06,8.46411427226279e-05,1.039311435044078e-07,7.734628928084767e-08,1.1001482751768719e-08,2.2990698105135907e-08,1.3361798910161057e-09,8.45722321781755e-10,1.3778911386667217e-09,2.5794675024256975e-10,5.300216626905526e-09,2.5794675024256975e-10,0.002141717691351453,0.0004016035200316026,0.00011077241135059371,1.8127743278525547e-07,3.399218085690462e-08,9.375903478855247e-09
15,Cuba,0.0026887050480684,38.06035045333903,11300.698,Latin America and the Caribbean,0.00017331543746986714,9.823701185335951e-05,0.0008691291214730136,0.0002017377415790375,0.00021823133196612645,0.0002899064410839521,0.00010685423473055143,2.6798759642111387e-05,0.000367887110929493,0.0003366078573407844,0.001859318309073816,3.2224856613286204e-07,1.826538747676528e-07,1.6159876885040148e-06,3.7509467654910645e-07,4.057615111381848e-07,5.390283538258217e-07,1.9867603503658552e-07,4.982742446304617e-08,6.840192410234762e-07,6.258611521318276e-07,0.0002715524493232266,0.001070866863052051,0.0013462857356930187,5.049024409005148e-07,1.9910823650531214e-06,2.503173717618942e-06
16,Albania,0.0027478785548485,39.056704368687726,2866.849,Europe and Central Asia,0.0007725217871009229,4.028190672239502e-06,0.0008594995603073192,0.0006533344916738478,0.00015833960193968225,7.983410924058198e-05,0.0001155834275889049,0.0,7.736211625338887e-05,2.7375270071685638e-05,0.00047168633610507603,3.6438797131897995e-07,1.9000424993212937e-09,4.0541419848528324e-07,3.0816895262870957e-07,7.46866266992649e-08,3.7656658483902506e-08,5.451912347387691e-08,0.0,3.6490653168895945e-08,1.291254084000034e-08,0.0007765499777731624,0.001512834051981167,0.00045849452509424363,3.6628801381830124e-07,7.135831511139929e-07,2.1626560266594064e-07
17,Tunisia,0.0028877310361996,36.48734391482851,12161.723,Arab States,0.0006085516427101041,9.648433915919494e-05,0.0011490435445828159,0.0006288810737927049,1.1600342247899784e-05,0.00013067560967258308,0.00011762724696143491,2.1343677004136442e-05,4.144919482041847e-05,8.20743652484009e-05,0.002000983854606515,1.217702011757191e-06,1.9306360487992822e-07,2.2992175809500556e-06,1.2583808751268109e-06,2.3212097545957314e-08,2.614797851457017e-07,2.353702220316445e-07,4.270835308321337e-08,8.293916962209734e-08,1.6422947973912823e-07,0.0007050359818692991,0.0017779246183755207,0.0004047704359548736,1.410765616637119e-06,3.5575984560768665e-06,8.099391071677424e-07
18,Seychelles,0.0029634608921739,34.22968467760313,105.53,Sub-Saharan Africa,0.0009671679465928259,0.0010134054988598874,0.000951522702052125,0.0,0.0,1.3350205237420679e-05,0.0,0.0,0.0,1.801453943163495e-05,1.736298599932144e-05,1.6792923515683702e-08,1.7595745488339583e-08,1.6521275353767553e-08,0.0,0.0,2.3179942662540302e-10,0.0,0.0,0.0,3.1278619593570166e-10,0.001980573445452713,0.000951522702052125,3.136474466905563e-05,3.438866900402328e-08,1.6521275353767553e-08,5.445856225611046e-10
19,Tonga,0.0033361547730897,38.144566903508846,105.254,East Asia and the Pacific,0.0005069100438665769,0.0007678918300927318,0.00022421383187723118,0.001133709528556461,0.00014250835603424902,7.106415477434709e-05,2.964307506850342e-05,3.1834512804228586e-05,0.0003916544254890283,3.67250145263687e-05,1.7317575365986724e-05,8.778452888435082e-09,1.3298024640556355e-08,3.8828399316306275e-09,1.9633100203913792e-08,2.4678991959059766e-09,1.230658856124901e-09,5.133461865784101e-10,5.512965747266979e-10,6.782505030828479e-09,6.359882068773472e-10,0.0012748018739593087,0.0013579233604336923,0.000703429538696725,2.2076477528991437e-08,2.351594013554442e-08,1.2181694051041813e-08
20,Moldova,0.0035339051267231,37.44998797694088,3084.847,Europe and Central Asia,0.000324535551385851,0.0,0.001156976407642594,0.00034072472350849746,0.0003357095738127828,0.0004008028981516876,0.00032434175170085555,3.070956170222729e-05,0.000307012567585096,0.00031309209123354866,0.0005075538261257343,1.6471926081971354e-07,0.0,5.872278024362059e-07,1.7293613707237081e-07,1.7039067865571754e-07,2.0342904447917206e-07,1.6462089704809215e-07,1.5586755540609783e-08,1.5582540334650108e-07,1.589110888352951e-07,0.000324535551385851,0.0014977011311510914,0.0017116684441861978,1.6471926081971354e-07,7.601639395085767e-07,8.687638679053878e-07
21,Montenegro,0.0048989004059962,39.6426609949079,629.048,Europe and Central Asia,0.0015897904256165654,0.0012743907031306846,0.0005725952829569068,0.0005207920760615611,0.0006191294272557018,9.615902542868929e-05,7.870635061550706e-06,2.7686179287069768e-05,0.00016308414374384544,2.7402507453629833e-05,0.00010349807274614947,1.645402451215952e-07,1.3189698169963616e-07,5.9262508249575976e-08,5.390097617383766e-08,6.407870250139248e-08,9.95227380901732e-09,8.145955601587695e-10,2.8654661979160835e-09,1.6878894572944012e-08,2.8361067098626835e-09,0.00286418112874725,0.0010933873590184679,0.0009413319182304869,2.9643722682123134e-07,1.1316348442341364e-07,9.742603935129135e-08
22,Algeria,0.0054090931224496,39.172626681723074,43451.666,Arab States,0.0013098834267268522,0.00037853016389792596,0.0016017468097634987,0.0010650044747787918,7.066050004404219e-05,0.00034234758247890485,0.00022954872517597937,9.189209624945283e-05,0.00024580557027349486,7.367377306007609e-05,0.00714915823372682,9.364563885406578e-06,2.70617203794482e-06,1.1451141393366383e-05,7.613885509820707e-06,5.051630956891186e-07,2.447497038075534e-06,1.641080158633348e-06,6.569511365161931e-07,1.7573029166166723e-06,5.267054612821641e-07,0.0016884135906247782,0.0026667512845422905,0.0010539282472819503,1.2070735923351397e-05,1.906502690318709e-05,7.534699806813031e-06
23,Guyana,0.0065923517112647,38.81092532920246,797.202,Latin America and the Caribbean,0.0016127906054412278,0.0003143212231251654,0.0008816016992987517,0.0006364334578461144,0.0004747905705702178,0.00037706810792792445,0.00031525439155862195,0.000580393864866553,0.0007644857569531804,0.0006352120336771344,0.00013116466563660618,2.115411405045583e-07,4.122783813370141e-08,1.1563499211318459e-07,8.347758169833469e-08,6.227574643625609e-08,4.9458012298593946e-08,4.135023685925837e-08,7.612716722275901e-08,1.0027351869471169e-07,8.331737400560996e-08,0.0019271118285663932,0.0015180351571448662,0.003147204725553632,2.527689786382597e-07,1.991125738115193e-07,4.1280205551718903e-07
24,Saint Lucia,0.0072018620576616,37.48761219896392,179.237,Latin America and the Caribbean,0.005003515894913951,0.0,0.0005420191153589426,0.0,0.00018079288918950188,0.00039410923869518375,8.459779927298951e-05,0.00017069702673508405,0.0006130432328857084,0.00021308686061023311,2.949009306889393e-05,1.4755414941270252e-07,0.0,1.5984194157054773e-08,0.0,5.331599128392638e-09,1.1622318128431902e-08,2.494796973984068e-09,5.033871205001104e-09,1.8078701993055157e-08,6.283951351154203e-09,0.005003515894913951,0.0005420191153589426,0.0016563270473887008,1.4755414941270252e-07,1.5984194157054773e-08,4.884523878001907e-08
25,Libya,0.0074214647664764,37.134823226167306,6653.942,Arab States,0.00253061521696191,0.0003633916221434966,0.00215704299632531,0.0014474538524660379,1.2959563339382506e-05,0.00017954184723021043,0.0004704202101627893,2.5780157102828536e-05,0.00021570735945907051,1.8551941284762638e-05,0.0010947815956249113,2.7704709651382413e-06,3.978344599269821e-07,2.361490973348563e-06,1.5846458381961939e-06,1.4187891431291284e-08,1.9655910999213385e-07,5.150073882962246e-07,2.8223641528495517e-08,2.3615244717663754e-07,2.0310323881672106e-08,0.002894006839105407,0.003604496848791348,0.0009229610785790439,3.1683054250652235e-06,3.9461368115447566e-06,1.0104408023064547e-06
26,Viet Nam,0.007729394853574,40.275713602860655,96648.685,East Asia and the Pacific,0.0,0.0017667789283923525,0.0021535635868288943,0.0009954366964101049,0.0008112414345197569,0.0007259242863562861,0.0002543052363758261,5.486690667859159e-05,0.00065365371296092,0.0003136240650514717,0.015901731872527507,0.0,2.8094844797326666e-05,3.424539072819169e-05,1.5829167442388053e-05,1.2900143775617754e-05,1.154345336139354e-05,4.043893682628116e-06,8.724788386779522e-07,1.0394226080986608e-05,4.987165791220627e-06,0.0017667789283923525,0.003149000283238999,0.0028136156419428524,2.8094844797326666e-05,5.0074558170579745e-05,4.47413615305246e-05
27,Ecuador,0.0079374393693257,37.9560095275384,17588.595,Latin America and the Caribbean,0.0024248867687720705,0.00026478399712292653,0.001224550843315417,0.0009447432282172717,0.0005755884535029995,0.0005532695629427405,0.00045249418996943727,0.0002649845775081831,0.0005591318146344998,0.0006730059333401636,0.002893874052238559,7.0173168997660965e-06,7.662515387220463e-07,3.5436959111173307e-06,2.733967914166054e-06,1.6656804903604504e-06,1.6010924320933647e-06,1.3094611951412598e-06,7.668319930943283e-07,1.6180570501518386e-06,1.9475944074956925e-06,0.002689670765894997,0.002169294071532689,0.0030784745318980233,7.783568438488142e-06,6.277663825283385e-06,8.908717568336934e-06
28,Tuvalu,0.008084608456584,38.23529689790041,11.069,East Asia and the Pacific,0.0023163178794978908,0.0006308849206699442,0.0001442142600107111,0.0033798455801999755,0.0002643928100197964,0.00036352387402960226,0.0,4.80714200035992e-05,0.0008412148721450455,9.61428400071984e-05,1.8211967405144417e-06,4.218470572136882e-09,1.1489655611638145e-09,2.6264254026720925e-10,6.155363754102337e-09,4.815113238235073e-10,6.620484944818941e-10,0.0,8.75475134224556e-11,1.5320177832228298e-09,1.750950268449112e-10,0.002947202800167835,0.0035240598402106866,0.0016133458162052418,5.367436133300697e-09,6.4180062943695465e-09,2.938220141795598e-09
29,Bosnia and Herzegovina,0.0083074962435722,37.93146064234383,3318.407,Europe and Central Asia,0.006618158835224565,0.0,0.0003344212141834412,0.00026510202429202637,0.0008194982882458543,0.00014541779507841845,2.1309782237995057e-05,2.8392004744914363e-05,2.762792790264757e-05,4.7568371661465366e-05,0.0005459817519288378,3.6133939553992246e-06,0.0,1.8258788040204436e-07,1.4474086766284188e-07,4.4743111111915523e-07,7.939546251854364e-08,1.1634752239522572e-08,1.5501516491400222e-08,1.508434447845114e-08,2.5971462896128942e-08,0.006618158835224565,0.0005995232384754676,0.0010898141698712951,3.6133939553992246e-06,3.2732874806488624e-07,5.950186497432018e-07
30,Barbados,0.0085288617206525,34.2340762765694,280.693,Latin America and the Caribbean,0.008191712057357687,0.0,5.637212539249069e-05,0.0,0.0,2.66915648780138e-05,7.523501255998106e-06,7.722237547592474e-05,0.0001505493878283525,1.879070846417465e-05,4.6182778632687697e-05,3.783160245676687e-07,0.0,2.6034213880555104e-09,0.0,0.0,1.2326906321213331e-09,3.474561930485084e-10,3.5663438720949234e-09,6.952789051363451e-09,8.678071293523489e-10,0.008191712057357687,5.637212539249069e-05,0.00028077753790246385,3.783160245676687e-07,2.6034213880555104e-09,1.2967086877980564e-08
31,Dominican Republic,0.0087861887056307,38.76360521357829,10999.664,Latin America and the Caribbean,0.0008256468977767923,0.00045362975384556636,0.0029174199948625197,0.001144886115881384,0.0007096087164972637,0.0007996291151136974,0.00016085309629567044,0.00025165372970816543,0.0008612233475479262,0.000661637938101324,0.0018097887996706156,1.4942465080792285e-06,8.209740477070444e-07,5.2799140306372935e-06,2.0720020694205235e-06,1.284241907265389e-06,1.447159816423295e-06,2.9111013206824335e-07,4.5544010142117427e-07,1.5586323684070708e-06,1.1974249298129363e-06,0.0012792766516223587,0.0040623061107439035,0.0034446059432640475,2.3152205557862727e-06,7.351916100057817e-06,6.234009255398108e-06
32,Jamaica,0.0108102917138878,38.94671235533186,2820.436,Latin America and the Caribbean,0.005645049572180198,0.0,0.001136595887190391,0.0011217274241216999,0.0005223959037798732,0.0006160003801231309,0.000702365574481134,0.00016579401839689821,0.0006590792374992055,0.0002412837161152815,0.0004640499457972346,2.6195849479929234e-06,0.0,5.274372598440607e-07,5.205375503629464e-07,2.4241779083374755e-07,2.858549430072148e-07,3.259327067678138e-07,7.693670525058633e-08,3.0584568443758904e-07,1.1196769538505172e-07,0.005645049572180198,0.002258323311312091,0.0029069188303955233,2.6195849479929234e-06,1.047974810207007e-06,1.3489555256820035e-06
33,Sri Lanka,0.0111846990586717,38.294348687052434,21715.079,South Asia,0.0033854822415852843,0.00025179074648586325,0.0016204844726606547,0.0011133188018136854,0.001489583362442173,0.0007739645750760072,0.0006939963230986895,0.0004114602483948614,0.0008123803718078407,0.0006322379153065955,0.003572809747476159,1.209568395264334e-05,8.996004333689905e-07,5.78968271955575e-06,3.977676267168413e-06,5.321997957011707e-06,2.765228178032802e-06,2.4795168278796114e-06,1.4700691861641223e-06,2.9024805110533596e-06,2.2588657865314105e-06,0.0036372729880711475,0.00273380327447434,0.004813622796126167,1.299528438601233e-05,9.767358986724163e-06,1.7198158446673012e-05
34,Suriname,0.0112324684674057,39.36052165349411,607.065,Latin America and the Caribbean,0.001681452933887145,0.0006063203920487813,0.003143379424718361,0.0017786876169366569,0.0006308088196015825,0.0010140510209342623,0.0002555156216411885,0.0005213798065048511,0.0006909287322603803,0.0009099440988724268,9.988118161355132e-05,1.6794550586422064e-07,6.055999719422396e-08,3.139644512005951e-07,1.7765742090102503e-07,6.300593027405559e-08,1.0128461418734218e-07,2.5521202210243013e-08,5.207603114314927e-08,6.901077818891982e-08,9.088629179765616e-08,0.0022877733259359266,0.004922067041655018,0.0040226280998146915,2.285055030584446e-07,4.916218721016201e-07,4.01784847801366e-07
35,Indonesia,0.0140107488937181,38.71434553621994,271857.97,East Asia and the Pacific,0.0,0.004867627225314445,0.00258588451077158,0.0011644829389077563,0.001322048176785651,0.0012121925805095995,0.0007503634910023716,0.00042813388042371833,0.0007273215061965722,0.0009526945838060083,0.04472913983619774,0.0,0.00021772477883157302,0.00011566438988255977,5.208632021127154e-05,5.913407776963565e-05,5.4220331442015265e-05,3.356311351702258e-05,1.915006020608646e-05,3.253246535654044e-05,4.261320926024715e-05,0.004867627225314445,0.0037503674496793364,0.0053927542187239205,0.00021772477883157302,0.00016775071009383132,0.00024121325755154752
36,China,0.016066725408367,41.35557863672827,1424929.781,East Asia and the Pacific,0.005603544972911484,5.96642090453572e-05,0.003319816833719946,0.002976030675213429,0.001847079967758729,0.000578327874148202,0.0011830559399335814,2.0891284921694637e-05,0.0,0.00047831365071457485,0.2344455210605436,0.0013137260209604225,1.3988006578303966e-05,0.0007783161874070368,0.0006977170623425737,0.00043303962548168725,0.0001355863797985117,0.00027736216628149966,4.8978681790909764e-06,0.0,0.00011213849307214934,0.005663209181956842,0.006295847508933375,0.004107668717476782,0.0013277140275387265,0.0014760332497496106,0.000963024532812939
37,Brazil,0.0163460407771117,42.54646521277315,213196.304,Latin America and the Caribbean,0.0,0.008134020606690528,0.0032422223606044533,0.0005016342605722565,0.0007390315478944214,0.0019486662226984813,0.0012052984785989687,9.152184616168272e-05,0.0003152096575355073,0.00016843579635466899,0.03507746083065552,0.0,0.00028532078922693184,0.00011372892785837819,1.7596056126538173e-05,2.5923350173885286e-05,6.835426309872743e-05,4.227881017230402e-05,3.210353973885706e-06,1.1056754415646099e-05,5.908300049111172e-06,0.008134020606690528,0.0037438566211767097,0.00446816354924373,0.00028532078922693184,0.00013132498398491635,0.00015673183188355972
38,Belize,0.0171088313258261,39.75521940862637,394.921,Latin America and the Caribbean,0.0053250492371465065,0.0014326395390110427,0.0011151413181809619,0.002467672719308288,0.0017252518688931264,0.0011303977819184215,0.00038883850480838256,0.0013689601968579677,0.001582859875989937,0.0005720202837112749,6.497685770717352e-05,3.460049665657615e-07,9.308841547199119e-08,7.245837875483428e-08,1.6034161915036859e-07,1.1210144519410387e-07,7.344969582821785e-08,2.526550419800438e-08,8.895073191802442e-08,1.0284926093259247e-07,3.716808058032454e-08,0.006757688776157549,0.0035828140374892497,0.00676832851217911,4.3909338203775266e-07,2.3279999790520286e-07,4.3978471865126754e-07
39,Paraguay,0.0188485813545086,41.8787993031481,6618.695,Latin America and the Caribbean,0.0021760297605558014,0.0005138702620210298,0.004830749722725485,0.0025099100175442948,0.0023479178055584994,0.002094363940277239,0.001031443449058431,0.0005885961097427463,0.0020319265270181096,0.0007237737600064262,0.0010889823615917635,2.3696580275440165e-06,5.595956514874393e-07,5.260601241312356e-06,2.7332477382882107e-06,2.5568410767204457e-06,2.2807253897157387e-06,1.123223723004004e-06,6.409707816113806e-07,2.2127321479731314e-06,7.881768584299484e-07,0.0026899000225768313,0.00734065974026978,0.008818021591661451,2.9292536790314557e-06,7.993848979600567e-06,9.60266997745465e-06
40,Colombia,0.0196572726283348,40.561818178770196,50930.662,Latin America and the Caribbean,0.0,0.0023578677014127556,0.00642366237573605,0.0013432241628681247,0.002055799928350738,0.0019477971183712993,0.001831647884222657,0.0008035187139709668,0.0022042494765638736,0.0006895052668386631,0.00837968702020442,0.0,1.97581933728877e-05,5.382828023213087e-05,1.1255798082810972e-05,1.7226959975737856e-05,1.632193023080755e-05,1.5348636001005488e-05,6.733235337953858e-06,1.847092072805468e-05,5.77783833489053e-06,0.0023578677014127556,0.007766886538604175,0.009532518388318197,1.97581933728877e-05,6.508407831494184e-05,7.987952060844996e-05
41,Egypt,0.0196817970481813,37.57057516612406,107465.134,Arab States,0.006521493071035115,0.0013547412196068503,0.004773997898433211,0.005673108975539427,0.0,0.00047128248687648727,0.00021755348269350297,3.548585103805359e-05,0.0004913281864369367,0.00014280587652438118,0.017681376073696603,0.00011530897155097846,2.3953688986407117e-05,8.441085221723484e-05,0.00010030837330357626,0.0,8.332922887410155e-06,3.8466449436462716e-06,6.274386774990025e-07,8.687358439998797e-06,2.525004408361465e-06,0.007876234290641965,0.010447106873972638,0.0013584558835693617,0.00013926266053738558,0.00018471922552081108,2.4019369356915694e-05
42,Philippines,0.024249342416319,41.83819567329135,112190.977,East Asia and the Pacific,0.0,0.004924337638188767,0.004910276746847415,0.002612140797227403,0.002889324699424164,0.002011845740256652,0.0011016919851844602,0.0014079166369596165,0.0024632215840865545,0.0019285865881426476,0.018458925072502547,0.0,9.08979794950306e-05,9.0638430555308e-05,4.82173112548477e-05,5.3333828136801585e-05,3.7136509776830955e-05,2.0336049807496536e-05,2.598862770996733e-05,4.546842265762474e-05,3.559963532635846e-05,0.004924337638188767,0.007522417544074818,0.011802587234054094,9.08979794950306e-05,0.00013885574181015569,0.00021786307341507957
43,Samoa,0.0246004897655159,39.11981379417876,214.929,East Asia and the Pacific,0.007211957995946323,0.001864398792822322,6.193816608955777e-05,0.007607794129085418,0.002605378618092467,0.0008303151726880122,0.00019044101385014113,0.00019841318104883994,0.0028932173458902,0.0011366353500017092,3.536254352172991e-05,2.550331785085399e-07,6.592988345304008e-08,2.1902910939981225e-09,2.6903095099414444e-07,9.21328147728794e-08,2.936205643093252e-08,6.734478640597985e-09,7.016394750124479e-09,1.0231152431186611e-07,4.0194317032772156e-08,0.009076356788768645,0.007669732295174976,0.00785440068157137,3.2096306196158e-07,2.7122124208814253e-07,2.7775158593917265e-07
44,South Africa,0.0248906428726559,39.781226575720105,58801.927,Sub-Saharan Africa,0.007748591579885824,0.00207446919066411,0.002606519959845399,0.0006555996565582312,0.0024628184855509535,0.0011430687194712277,0.002113185385332469,0.00197469613173346,0.0023090380221323266,0.0018026557414825273,0.009674756327434107,7.496573541620302e-05,2.0069983928444712e-05,2.521744547409757e-05,6.342766925550375e-06,2.3827168726405773e-05,1.1058911326396262e-05,2.0444553677786588e-05,1.9104703895247945e-05,2.2339380214910663e-05,1.7440255041093502e-05,0.009823060770549934,0.0032621196164036304,0.011805462485702963,9.503571934464773e-05,3.156021239964795e-05,0.00011421497288184074
45,Morocco,0.0266967234413385,41.97795610796758,36688.772,Arab States,0.005602360315079476,0.000904350874083108,0.0082743052884553,0.004227125416831487,0.0010485987982079463,0.0013301726708950636,0.001935242597387769,0.0005801251073463307,0.0021363956267359996,0.0006580467463160135,0.006036450626061749,3.3818371431385e-05,5.459069400038467e-06,4.9947435338722036e-05,2.551683386887396e-05,6.329814871929955e-06,8.029521651994735e-06,1.1681996388582763e-05,3.5018965674348974e-06,1.2896246718526107e-05,3.972266693777196e-06,0.006506711189162584,0.012501430705286788,0.007688581546889122,3.9277440831423465e-05,7.546426920759599e-05,4.641174289224566e-05
46,Mexico,0.0280537844930862,37.941676532641324,125998.302,Latin America and the Caribbean,0.022279204292369008,0.0,0.0008664088297512788,0.0011901948568077674,0.0011518702904037717,0.0006837164259288844,0.00014033129046601338,3.559433962566977e-05,0.0012480742638787362,0.000458389903855109,0.02073066193086586,0.0004618626522737975,0.0,1.7961228543490878e-05,2.467352720833713e-05,2.3879033578568873e-05,1.4173894082511592e-05,2.909160540973063e-06,7.378942214321825e-07,2.587340562908435e-05,9.50272612934237e-06,0.022279204292369008,0.0020566036865590463,0.0037179765141581844,0.0004618626522737975,4.263475575182801e-05,7.707611418191242e-05
47,Mongolia,0.0281268202333581,38.750457349709535,3294.335,East Asia and the Pacific,0.004691508526182524,0.0012413427498605195,0.004827358223632581,0.0027096450732766995,0.0038558779139133055,0.0039061566053984515,0.002644403862439002,0.0004317965106662339,0.003415225820373018,0.00040350494761324526,0.0005420211549519055,2.542896869828164e-06,6.728340309705732e-07,2.6165302797399105e-06,1.4686849521271774e-06,2.089967400252834e-06,2.117219514681083e-06,1.433322835678468e-06,2.3404284341551488e-07,1.8511246435801522e-06,2.1870821773413933e-07,0.005932851276043044,0.007537003296909281,0.014656965660403256,3.215730900798737e-06,4.0852152318670875e-06,7.944385455342192e-06
48,Tajikistan,0.029005923068437,38.9623331943165,9543.207,Europe and Central Asia,0.010368319475652863,0.003484467057992059,0.00020535665636271,0.007471099392235789,0.0019231923850479794,0.0001766632676792914,0.0019935573328452587,5.546374064080549e-05,0.0031547628858070815,0.00017304087417486697,0.0015701560649069113,1.627987970758879e-05,5.471157084074574e-06,3.2244199945691357e-07,1.1730792022241363e-05,3.019712187365873e-06,2.773889011929125e-07,3.130196136906629e-06,8.708672874958468e-08,4.953470078493219e-06,2.7170117806246107e-07,0.013852786533644922,0.007676456048598499,0.007476680486195283,2.1751036791663363e-05,1.2053234021698277e-05,1.1739555210770678e-05
49,Peru,0.0292211368396942,39.66073096217563,33304.756,Latin America and the Caribbean,0.00392099966704683,0.000671107747867622,0.004901150261186585,0.004648773806166885,0.0032242784825078693,0.003390323819547018,0.0017364303096591301,0.0011837171142042304,0.003846728321995846,0.0016976273095133361,0.0054796741413703845,2.14858004838384e-05,3.677451772063524e-06,2.6856706349194838e-05,2.547376561473266e-05,1.7667995425175314e-05,1.857786976484387e-05,9.515072266130904e-06,6.486384061402496e-06,2.1078817714917727e-05,9.302444469624407e-06,0.0045921074149144515,0.009549924067353471,0.01507910535742743,2.5163252255901923e-05,5.23304719639275e-05,8.262858370209472e-05
50,El Salvador,0.0324625094524029,41.29624975571927,6292.731,Latin America and the Caribbean,0.004306224532482969,0.0007234505771215053,0.008585897387960976,0.005500821544149967,0.003476669957390671,0.002758960274714334,0.0010412462131341538,0.0013082679360416636,0.0033751241126699833,0.0013858469167363366,0.0010353510873732207,4.4584542521794814e-06,7.490253416835346e-07,8.889418196700292e-06,5.695281567181707e-06,3.5995740208222403e-06,2.8564925204450058e-06,1.0780553989916944e-06,1.3545166301562556e-06,3.494438420072444e-06,1.4348381121757915e-06,0.005029675109604475,0.014086718932110942,0.013346115410687143,5.207479593863016e-06,1.4584699763882e-05,1.3817915102663432e-05
51,Iraq,0.032694322381288,37.860725028718015,42556.984,Arab States,0.008401523057681081,0.002411141965586434,0.009152112173671817,0.010766384800799006,9.033670118846097e-05,0.0007835446640852409,0.0002293459148766655,2.8074630169489266e-05,0.0007352765837975471,9.658188943337931e-05,0.007001955058896488,5.882708687616554e-05,1.6882707683655555e-05,6.408267813402951e-05,7.538574252198086e-05,6.325335218905646e-07,5.486344524563001e-06,1.6058697889079114e-06,1.9657729874190334e-07,5.148373595609362e-06,6.762620493158316e-07,0.010812665023267515,0.019918496974470824,0.001963160383550783,7.57097945598211e-05,0.00013946842065601036,1.3745960779028576e-05
52,Bolivia,0.0377542701563952,41.67038042523009,11936.162,Latin America and the Caribbean,0.006183019537474278,0.0008614562988556759,0.0095299822630999,0.002359485782766413,0.00395048969416291,0.0048094998942222605,0.0016756058926056937,0.002099682442698229,0.004166675882325441,0.002118372468184006,0.0019638720145137172,1.2142659034837284e-05,1.691789917049227e-06,1.8715665465313997e-05,4.6337280974179506e-06,7.758256153991392e-06,9.44524224606978e-06,3.290675519842599e-06,4.123507588580854e-06,8.182818158848183e-06,4.1602124065829195e-06,0.007044475836329955,0.011889468045866314,0.01882032627419854,1.3834448951886511e-05,2.3349393562731947e-05,3.6960712073915727e-05
53,Sao Tome and Principe,0.0479233751055391,40.91726093190729,218.641,Sub-Saharan Africa,0.0076554879605590966,0.001323773460901745,0.011816175922825916,0.005731386124562432,0.005167489302140966,0.00608497019574461,0.00186203347190582,0.0039045463370157812,0.0002526788633073941,0.0041248334665730975,3.597328363382582e-05,2.7539303976053113e-07,4.7620478175949706e-08,4.2506664793900023e-07,2.0617677867385814e-07,1.8589155834067762e-07,2.1889635875489747e-07,6.69834582205455e-08,1.4045935284288435e-07,9.089688418029592e-09,1.4838380423533102e-07,0.00897926142146084,0.01754756204738835,0.021396551636687668,3.230135179364808e-07,6.312434266128584e-07,7.697042208123656e-07
54,Honduras,0.0511541693859289,42.71774605152159,10121.763,Latin America and the Caribbean,0.00860830058869154,0.0010101340937955677,0.010160620173606118,0.009894052094702201,0.006269305632979802,0.0033573689638560834,0.001015928888192505,0.0028188787224256258,0.0049538586995418335,0.0030657215281363853,0.0016653466242532908,1.4335804325935071e-05,1.6822234031456056e-06,1.6920954506434833e-05,1.647702625609851e-05,1.0440566972295053e-05,5.5911830703304976e-06,1.691873744432787e-06,4.6944101645709454e-06,8.24989186230979e-06,5.10548899778257e-06,0.009618434682487107,0.02005467226830832,0.021481062435132234,1.6018027729080677e-05,3.339798076253334e-05,3.5773414811721645e-05
55,India,0.0688105643495396,41.97607432880559,1396387.127,South Asia,0.01966510450668505,0.002463595462540691,0.012874213472912755,0.0065099673594908765,0.0077217767178920605,0.0062701123233588965,0.0014802364820392666,0.0011539719436436606,0.007559241818218971,0.003112344262724974,0.22974936165766788,0.004518045207342218,0.0005660094849014508,0.0029578423272462527,0.0014956608452552827,0.0017740732717987427,0.0014405543038135834,0.0003400833868509135,0.0002651243174229893,0.0017367309823517574,0.0007150591076199677,0.022128699969225743,0.019384180832403633,0.027297683547877833,0.005084054692243669,0.004453503172501535,0.0062716253698579544
56,Gabon,0.069695362281644,44.672076862412105,2292.573,Sub-Saharan Africa,0.016503257443929543,0.0062522848927444655,0.009631078124269084,0.0052735308444658135,0.005360129883467214,0.008113278088633899,0.0055670336637537975,0.004121931771837925,0.005135245261108493,0.003737592307435149,0.0003771999706379451,6.225028223280673e-06,2.35836167796328e-06,3.632842385686054e-06,1.9891756796908027e-06,2.0218408346594054e-06,3.06032825681019e-06,2.0998849345083843e-06,1.5547925433088783e-06,1.9370143617087706e-06,1.4098197086211478e-06,0.022755542336674008,0.014904608968734898,0.032035210976236475,8.583389901243953e-06,5.622018065376856e-06,1.2083680639616777e-05
57,Botswana,0.0726386986814453,42.18447749284699,2546.402,Sub-Saharan Africa,0.020551311331142075,0.0014512505225909489,0.00660613877828644,0.005374134301415572,0.009101465952968776,0.007755809303741845,0.002175447383368864,0.008597624207448362,0.005031312010502087,0.005994204889980751,0.000418962780959387,8.610234547657445e-06,6.080199548134676e-07,2.7677262739545342e-06,2.2515622521703007e-06,3.813175486462976e-06,3.2493954344863705e-06,9.11431485567041e-07,3.6020845475963114e-06,2.1079324717943186e-06,2.511348750346692e-06,0.022002561853733022,0.011980273079702012,0.03865586374801069,9.218254502470912e-06,5.019288526124835e-06,1.619536817625371e-05
58,Nepal,0.0743989020451057,42.5024970710904,29348.627,South Asia,0.015562795051403042,0.0016695767308895068,0.01940254539610242,0.005799695302188672,0.009032562068186737,0.0036211960805302206,0.0014762560112836479,0.003057631894420243,0.009043584042296491,0.005733059467805691,0.004828767172370958,7.51491138545522e-05,8.061997309873672e-06,9.369037426913663e-05,2.8005378284962725e-05,4.3616139197263244e-05,1.748591275838271e-05,7.12849656530177e-06,1.4764592516970893e-05,4.366936174401915e-05,2.768360935539064e-05,0.01723237178229255,0.025202240698291092,0.031964289564523025,8.321111116442588e-05,0.00012169575255409935,0.0001543481121373284
59,Nicaragua,0.0744948916699345,45.25758651443264,6755.895,Latin America and the Caribbean,0.007465265500585707,0.0010719598388511716,0.020860110165978978,0.006132610322063976,0.009004964929389351,0.003431008564843645,0.0075681338650417495,0.006381076444772494,0.007506187705052505,0.00507357433335722,0.0011115560532349638,8.298061056182185e-06,1.1915434476997963e-06,2.318718172614214e-05,6.816740125621434e-06,1.0009523276431292e-05,3.8137583389529596e-06,8.41240500937968e-06,7.0929241483419085e-06,8.343548380268974e-06,5.639562261780765e-06,0.008537225339436879,0.026992720488042955,0.038964945842456966,9.489604503881981e-06,3.0003921851763575e-05,4.331172141515558e-05
60,Kiribati,0.0801574049759755,40.47824088769756,126.463,East Asia and the Pacific,0.017069721667504135,0.007184173313189918,0.00063052980087618,0.009069209437606394,0.008398765336438139,0.008998239235866174,0.004466283964833171,0.008432091560093528,0.010648030600649337,0.005260360058920999,2.080711928771143e-05,3.5517173494379096e-07,1.4948195111113567e-07,1.3119508781287613e-08,1.8870412261351453e-07,1.7475411222476415e-07,1.872274371600328e-07,9.293050322907655e-08,1.754475349357708e-07,2.2155484288691233e-07,1.0945293924228194e-07,0.024253894980694052,0.009699739238482575,0.04620377075680135,5.046536860549266e-07,2.0182363139480214e-07,9.613673696788386e-07
61,eSwatini,0.0812713200700914,42.29846494266417,1180.655,Sub-Saharan Africa,0.019013708714268867,0.004780991484884708,0.010066934223820505,0.004468976078217617,0.009871449737684359,0.007282514900303191,0.007154736323150037,0.008693682617028931,0.004872413330133959,0.005065912660599707,0.00019425467862246615,3.6935018757114827e-06,9.287299643930262e-07,1.955549072361758e-06,8.681195118456523e-07,1.917575296331703e-06,1.4146625915217174e-06,1.3898410050819955e-06,1.6887885228166754e-06,9.464890855609923e-07,9.840772358142785e-07,0.023794700199153574,0.014535910302038123,0.042940709568900184,4.6222318401045085e-06,2.82366858420741e-06,8.341433737127363e-06
62,Lesotho,0.0843591908637076,43.0304324498078,2254.1,Sub-Saharan Africa,0.015974449134761946,0.002474122328061525,0.009199479067920173,0.006098818473697335,0.0,0.009869268727891284,0.007745677030841078,0.012242773074544704,0.010595302991118431,0.010159300034869805,0.0003708699586948778,5.9244432907825895e-06,9.175776456142526e-07,3.4118104219339475e-06,2.261868555427688e-06,0.0,3.6602152854616897e-06,2.8726389204918945e-06,4.540476744467156e-06,3.929479582675808e-06,3.7677791843010347e-06,0.01844857146282347,0.015298297541617507,0.0506123218592653,6.842020936396842e-06,5.6736789773616355e-06,1.8770589717397583e-05
63,Bangladesh,0.1040602663094325,42.23126848814277,167420.951,South Asia,0.01580735280687224,0.002172584212490181,0.02786485796514508,0.011297004130002019,0.012972183888849083,0.00866025134098239,0.0007935810973717091,0.0025646829276511148,0.012960939333514275,0.008966828606573392,0.02754598340003867,0.00043542907801665735,5.98459686524406e-05,0.0007675649149523217,0.0003111870882352039,0.0003573315620644859,0.00023855513967886355,2.185997173478557e-05,7.064671335144017e-05,0.00035702181972989243,0.0002470001119476625,0.01797993701936242,0.039161862095147104,0.046918467194941964,0.0004952750466690979,0.0010787520031875256,0.00129241531850713
64,Lao PDR,0.1083332502467847,46.95372170748005,7319.399,East Asia and the Pacific,0.020071760007650388,0.003210029122750824,0.02774826920020729,0.01522450883694761,0.012722125528183283,0.009548998203285863,0.005802712678215694,0.003370895842200538,0.006680323270742703,0.0039536275566040046,0.001204270087751799,2.4171820185746183e-05,3.865742053340965e-06,3.341641058469417e-05,1.833442059304894e-05,1.5320875226214683e-05,1.1499572904212837e-05,6.9880333061932905e-06,4.059469031689016e-06,8.0449134914677e-06,4.761235404529435e-06,0.02328178913040121,0.0429727780371549,0.042078683079232085,2.803756223908715e-05,5.175083117774311e-05,5.0674099364306953e-05
65,Zimbabwe,0.1099417854663912,42.61303180236045,15669.666,Sub-Saharan Africa,0.020554723367780626,0.005347688316302525,0.005902256704576615,0.013086722335498322,0.013985132413257178,0.0118875922973214,0.011007480972095944,0.010750490113247009,0.00908407001953076,0.008335628926783228,0.0025781502072590085,5.299316431079521e-05,1.3787143741031932e-05,1.5216904346200073e-05,3.3739535901606094e-05,3.605577202978367e-05,3.0647998545149764e-05,2.837893934960875e-05,2.7716378313603697e-05,2.3420097003608575e-05,2.1490503445220367e-05,0.02590241168408315,0.018988979040074936,0.06505039474223552,6.678030805182714e-05,4.895644024780617e-05,0.00016770968868697484
66,Ghana,0.1112183237453653,45.142618511619744,32180.401,Sub-Saharan Africa,0.020612017159388804,0.005591838590780185,0.02077392722302702,0.013152643399342261,0.013586295636936996,0.012645553801589764,0.006852161600729031,0.006013216933845974,0.00756910943776901,0.004421559961953048,0.00529468257382308,0.00010913408806515821,2.9607010342235257e-05,0.00010999135045763006,6.963907180620663e-05,7.193512275169886e-05,6.695419334961953e-05,3.628002062039966e-05,3.183807491225213e-05,4.007603183951539e-05,2.3410756479666646e-05,0.026203855750168988,0.033926570622369284,0.05108789737282383,0.00013874109840739346,0.0001796304222638367,0.0002704941999531522
67,Congo,0.1116762938003927,46.02013183737043,5702.174,Sub-Saharan Africa,0.020906530909053703,0.005235808901451361,0.01613657506393601,0.006366558739039788,0.013115941974317851,0.012787489162395319,0.008245076507437171,0.01118747939663169,0.010715679437732228,0.006979153708400707,0.0009381859881331823,1.9614214359347468e-05,4.912162547884657e-06,1.5139108621444074e-05,5.97301620159399e-06,1.2305192981472875e-05,1.199704315556421e-05,7.73541525036363e-06,1.049593641244852e-05,1.0053300301807234e-05,6.547744218249281e-06,0.026142339810505066,0.0225031338029758,0.06303082018691496,2.4526376907232125e-05,2.1112124823038065e-05,5.9134632319905746e-05
68,Guatemala,0.1335178204117834,46.22900581946907,17362.718,Latin America and the Caribbean,0.03164262795886438,0.0035059579980532742,0.02662392163053222,0.020109966384052415,0.015468440085899078,0.006022508940088272,0.005819405739773152,0.005622432026098316,0.012633053998579271,0.006069505649840007,0.0028567102202612183,9.039381868601125e-05,1.0015506044845349e-05,7.60568290253751e-05,5.744834649843207e-05,4.4188850884886216e-05,1.7204562840764725e-05,1.6624355852656758e-05,1.606165903167905e-05,3.608897447085326e-05,1.7338818821831156e-05,0.03514858595691766,0.04673388801458463,0.0516353464402781,0.0001004093247308566,0.00013350517552380718,0.00014750722190267116
69,Cambodia,0.1703481255975618,45.81012796411021,16396.86,East Asia and the Pacific,0.034017424650126526,0.0030491443002363724,0.035928794430225924,0.018020156097774586,0.020133770494125364,0.01700399588342565,0.011841516045861564,0.014565410882375429,0.012108562116902087,0.0036793506965110624,0.0026977963670314956,9.177208463687898e-05,8.225970415732478e-06,9.692857108568493e-05,4.861471165391673e-05,5.431681289369733e-05,4.587331831932423e-05,3.194599896867049e-05,3.9294512562793445e-05,3.266643488895365e-05,9.926138942082347e-06,0.0370665689503629,0.053948950528000514,0.07933260611920116,9.999805505261146e-05,0.00014554328273960165,0.00021402321657552147
70,Kenya,0.1707760749642416,45.5680583229975,51985.78,Sub-Saharan Africa,0.034275807155440756,0.005889701721233714,0.01657956831994619,0.008988538215677678,0.020450902905621415,0.018307062460085316,0.014953097605565823,0.01941693474725604,0.020781174675045477,0.011133287158366135,0.008553286935504638,0.0002931708135465078,5.03763087862475e-05,0.00014180980510730232,7.688154648944004e-05,0.00017492244064192547,0.00015658555816731512,0.00012789813439501184,0.00016607861430125112,0.0001777473498525063,9.52261996008746e-05,0.04016550887667447,0.02556810653562387,0.1050424595519402,0.0003435471223327553,0.00021869135159674236,0.0008984582969588843
71,Bhutan,0.1748639865000935,46.82878970107116,772.506,South Asia,0.02114865773374776,0.02121393133725312,0.049564776975157,0.014438816325958564,0.015464731302500026,0.012269965597193249,0.0018117915899464006,0.011425633433790286,0.017146010696018045,0.010379671508527725,0.00012710140114083018,2.6880240302071945e-06,2.6963203966702366e-06,6.299752600775213e-06,1.8351937858444273e-06,1.965589016814209e-06,1.559529819353045e-06,2.3028124965735996e-07,1.45221401835626e-06,2.179281983439554e-06,1.3192707921154283e-06,0.04236258907100088,0.06400359330111556,0.06849780412797572,5.3843444268774315e-06,8.13494638661964e-06,8.706166879735856e-06
72,Myanmar,0.175846224535058,45.89385000522914,53423.198,East Asia and the Pacific,0.029180930701538196,0.003342444268886828,0.04168734335834096,0.015071864221766422,0.020696357802262068,0.015356764099277023,0.007553223164304627,0.014799042283951942,0.01941661222584947,0.008741642408883076,0.008789787159224648,0.0002564941699746047,2.9379373715085456e-05,0.0003664228753533343,0.0001324784786020599,0.00018191658005304196,0.00013498268788706723,6.639122398036297e-05,0.00013008043183630337,0.00017066788881841597,7.683717619613408e-05,0.032523374970425026,0.056759207580107385,0.08656364198452819,0.0002858735436896902,0.0004989013539553942,0.0007608759887713255
73,Togo,0.1796162567119807,47.75466507275153,8442.58,Sub-Saharan Africa,0.02942277033558732,0.008204145863593498,0.03177245681874196,0.01874256586507119,0.02078818144340078,0.019972921106449708,0.012504703920364115,0.016497177909692514,0.013778607865224892,0.007932725583848717,0.001389068495576151,4.087024332573688e-05,1.1396120552229122e-05,4.413411879396811e-05,2.603470776943136e-05,2.887620792334878e-05,2.7743755473597246e-05,1.736989026228538e-05,2.291571010026869e-05,1.913943009848166e-05,1.1019099192575182e-05,0.03762691619918082,0.05051502268381315,0.09147431782898073,5.2266363877966e-05,7.016882656339947e-05,0.00012706409305055693
74,Comoros,0.1807714052942492,48.509807720953965,806.166,Sub-Saharan Africa,0.03147997503704603,0.006044764339432847,0.03261992934596045,0.024526976276267973,0.01990837270657296,0.017333622893011415,0.010714348741398903,0.01224683801543799,0.013185623668321968,0.012710954270798255,0.0001326395240323033,4.175488905462575e-06,8.01774664869813e-07,4.326691902415556e-06,3.2532464592357785e-06,2.640637080057535e-06,2.29912349028447e-06,1.4211461173752584e-06,1.624414765268413e-06,1.748934847435299e-06,1.6859749244750535e-06,0.03752473937647888,0.05714690562222842,0.08609976029554149,4.977263570332388e-06,7.579938361651334e-06,1.1420231224896029e-05
75,Namibia,0.18473453488536,45.18834811687963,2489.098,Sub-Saharan Africa,0.05222744388783463,0.006231510802693841,0.01221773552158716,0.013492842924245763,0.02131143432252377,0.020714539904787443,0.011605388656702194,0.020364942584472173,0.017727427175479878,0.008841269105039013,0.0004095344804789064,2.1388939099345592e-05,2.552018539179915e-06,5.003583969461878e-06,5.525784417164477e-06,8.727767183535107e-06,8.483318338266702e-06,4.7528068142783265e-06,8.340146181314569e-06,7.259992678537799e-06,3.620804549706358e-06,0.058458954690528475,0.025710578445832924,0.10056500174900448,2.3940957638525507e-05,1.0529368386626356e-05,4.118483574563886e-05
76,Gambia,0.1980230645121454,47.47720706877341,2573.995,Sub-Saharan Africa,0.04918138128187368,0.015583455934432737,0.020934193083102844,0.04442278159974051,0.023006522366048953,0.016009268039437977,0.005639977605851642,0.014626382102382035,0.006774823443341845,0.0018442790559380523,0.00042350269257389735,2.082844739737698e-05,6.5996355478389435e-06,8.865687137555913e-06,1.881316761911229e-05,9.743324168783323e-06,6.779968120839222e-06,2.3885457021346537e-06,6.194312202973454e-06,2.869155969968034e-06,7.810571460474106e-07,0.06476483721630642,0.06535697468284335,0.0679012526130005,2.7428082945215924e-05,2.7678854756668204e-05,2.8756363310746095e-05
77,Pakistan,0.1982473948654647,51.718334393678745,227196.741,South Asia,0.044968207956670704,0.00978510549503405,0.041366259491311425,0.040538583025009324,0.017356374082060935,0.012048344984298345,0.004412795297314189,0.003967896504938265,0.017024292356699944,0.006779535672129725,0.037380970653600486,0.0016809552619733114,0.0003657767413522527,0.001546310932093935,0.0015153715823964203,0.0006487981102144319,0.000450378830282511,0.00016495457150924792,0.00014832382280762123,0.0006363845729841157,0.0002534256240049189,0.054753313451704755,0.08190484251632074,0.0615892388974414,0.002046732003325564,0.0030616825144903553,0.002302265531802846
78,Haiti,0.1995876944902279,48.36273867096424,11306.801,Latin America and the Caribbean,0.030439140318020336,0.0064348601855998225,0.03806244594483801,0.010980173821031442,0.02279160344029699,0.02003391128923894,0.016221900346539996,0.020369776624500138,0.016499156775493927,0.017754725744678058,0.0018603224434768657,5.662661589375477e-05,1.197091482390706e-05,7.080842244480715e-05,2.0426663792541926e-05,4.239973140280904e-05,3.726953480199575e-05,3.01779652905135e-05,3.789435262316804e-05,3.069375164789475e-05,3.30295147806011e-05,0.036874000503620157,0.04904261976586945,0.11367107422074806,6.859753071766183e-05,9.123508623734908e-05,0.00021146485054698218
79,Timor-Leste,0.22151424007078,45.90616721447737,1299.995,East Asia and the Pacific,0.058957753497857875,0.005928770884496297,0.026452631240048815,0.02482689188496503,0.02609272595374095,0.018047481395825505,0.010590705590653435,0.010862022521201099,0.02325585830658424,0.01649939879540409,0.00021388984160132543,1.261046455682681e-05,1.2681038653754632e-06,5.657949105872314e-06,5.310219972728401e-06,5.580969021192445e-06,3.860172937055985e-06,2.2652443412311347e-06,2.3232762765297325e-06,4.9741918494981716e-06,3.52905379486608e-06,0.06488652438235418,0.05127952312501384,0.10534819256340931,1.3878568422202274e-05,1.0968169078600715e-05,2.253290822037355e-05
80,Rwanda,0.2310019619235062,47.3147475457159,13146.362,Sub-Saharan Africa,0.038414227473174196,0.005424757192253347,0.04818558746874512,0.013250026750391424,0.027070571236093036,0.01383127530589186,0.019338174510030882,0.020300497583149224,0.02468704174453108,0.020499802659245146,0.002162987769809641,8.308950421116128e-05,1.1733683461030874e-05,0.00010422483637598839,2.865964581074723e-05,5.8553314505429885e-05,2.991687932751419e-05,4.182823495564134e-05,4.3909727993401946e-05,5.3397769366200784e-05,4.43408224354584e-05,0.043838984665427544,0.06143561421913654,0.12572736303894122,9.482318767219216e-05,0.00013288448218673563,0.0002719467485836466
81,Malawi,0.2310952042357725,46.32708767489405,19377.061,Sub-Saharan Africa,0.03691156634013728,0.0060669800437662845,0.045970226478639756,0.013021614285265135,0.027604106361924566,0.01788025169274802,0.012363354613288151,0.025951922683806302,0.024942508172755905,0.020382673563446016,0.003188132652809604,0.00011767896991533955,1.9342337181475532e-05,0.00014655918009360406,4.151463369514577e-05,8.800555284408103e-05,5.700461426210415e-05,3.9416014540888205e-05,8.273817211143312e-05,7.952002474853352e-05,6.498266713918132e-05,0.04297854638390356,0.05899184076390489,0.12912481708796897,0.00013702130709681507,0.00018807381378874982,0.0004116670456462214
82,Zambia,0.2316850733623361,48.36230159422228,18927.715,Sub-Saharan Africa,0.04283683285391627,0.006964230620074525,0.020007187006936874,0.037988818644758754,0.026459432078213073,0.02095510191028969,0.015890215622652634,0.02471153198955743,0.02235319694473554,0.013518525691204115,0.0031142011801776406,0.00013340251542873837,2.1688015216065346e-05,6.230640538903757e-05,0.00011830482385706206,8.239999460480128e-05,6.525840309976688e-05,4.948532824534201e-05,7.695668208587727e-05,6.961235230603864e-05,4.209940866180961e-05,0.0498010634739908,0.05799600565169563,0.12388800423665249,0.0001550905306448037,0.00018061122924609965,0.0003858121690036357
83,Cameroon,0.2320601127657025,53.23500852480154,26491.087,Sub-Saharan Africa,0.0446288374019432,0.013905664770071624,0.031863553304645034,0.03228036596296227,0.0238788142357793,0.01858034027305906,0.014934865700246986,0.019207586191187908,0.020542784475262244,0.01223730045055377,0.004358612457953247,0.00019451980668407944,6.060940370295576e-05,0.0001388808803882832,0.0001406976052334573,0.000104078497209219,8.098450258716565e-05,6.509529169895515e-05,8.371842446012238e-05,8.953803633492657e-05,5.333765019550054e-05,0.05853450217201482,0.0641439192676073,0.10938169132608926,0.0002551292103870352,0.00027957848562174046,0.0004767524024858893
84,Cte d'Ivoire,0.2358709961005545,51.20118911178139,26811.79,Sub-Saharan Africa,0.0343955507117415,0.011876262383743374,0.05288819363666395,0.04240929496805551,0.024105297342203208,0.022343140374644088,0.012805381269099619,0.01609908220943863,0.013408214758826675,0.005540578446144395,0.004411378133106667,0.00015173178028593791,5.2390684182682776e-05,0.00023330982090829052,0.00018708343646255067,0.00010633758158742948,9.856404087363763e-05,5.648937891659976e-05,7.101913922180413e-05,5.9148705391086074e-05,2.44415866020835e-05,0.04627181309548488,0.09529748860471945,0.09430169440035661,0.00020412246446862068,0.0004203932573708412,0.0004160004325926406
85,Yemen,0.2451664614580897,50.58480016217859,32284.046,Arab States,0.06309036537368246,0.00789314639258387,0.028617517500511933,0.045949501353178344,0.016398671006738644,0.02064560292419452,0.01658704399951177,0.01101820748356132,0.025443478603533586,0.009522926820596796,0.005311735418359227,0.0003351193283126137,4.192630525578211e-05,0.00015200868129298427,0.00024407159379362264,8.710540160051422e-05,0.00010966398028582486,8.810598909808956e-05,5.8525802937263356e-05,0.0001351490264646545,5.058326767940703e-05,0.07098351176626633,0.07456701885369027,0.09961593083813665,0.0003770456335683958,0.0003960802750866069,0.0005291334680657536
86,Nigeria,0.2543896424119265,54.805439616377946,208327.405,Sub-Saharan Africa,0.05633741407430522,0.022252749386814888,0.032436344666641415,0.03936092537237778,0.025276663817953827,0.0200276502200831,0.014043689846913707,0.017797927612339635,0.018231640104214776,0.008624637310287273,0.034276374645029535,0.0019310423113430453,0.0007627435748644184,0.0011118003019091067,0.0013491498244386695,0.000866392398800648,0.0006864752422031765,0.00048136677459141174,0.0006100484347456693,0.0006249145266054109,0.0002956212996249064,0.0785901634611201,0.0717972700390192,0.10400220891179231,0.002693785886207464,0.002460950126347776,0.003564818676571223
87,Liberia,0.2592937311100503,49.55628725333944,5087.584,Sub-Saharan Africa,0.04104526607026627,0.010093763215562752,0.042624561774900524,0.031489892134987985,0.028783040036164605,0.026020763181350354,0.012671439324537775,0.02657555724298625,0.02031829905953332,0.01967114906975552,0.0008370667086361392,3.435762577453238e-05,8.449153152603645e-06,3.5679601631973775e-05,2.6359140364741436e-05,2.4093324587614526e-05,2.1781114592413375e-05,1.0606840009073377e-05,2.224551423155781e-05,1.7007771718848318e-05,1.6466064006911104e-05,0.05113902928582902,0.07411445390988851,0.13404024791432784,4.2806778927136024e-05,6.203874199671521e-05,0.00011220062914641852
88,Senegal,0.2628619729760566,51.71152378797012,16436.12,Sub-Saharan Africa,0.04469180228242,0.009714584903422854,0.054217293969028676,0.07313014682128598,0.026107695178741435,0.016033445571449454,0.008736954958699063,0.014340086066498989,0.01251457030467858,0.0033753929198269976,0.0027042558650920787,0.00012085806844376983,2.6270723202016218e-05,0.0001466174352051672,0.00019776262845650744,7.060188781114772e-05,4.33585392242268e-05,2.3626961690107262e-05,3.8779261851255084e-05,3.384260014553421e-05,9.127926100432435e-06,0.054406387185842855,0.12734744079031465,0.08110814499989451,0.00014712879164578604,0.0003443800636616746,0.0002193371768227035
89,Papua New Guinea,0.2632908996655484,46.49431077602524,9749.64,East Asia and the Pacific,0.0,0.012125640110365805,0.032489357108867314,0.0466508282839895,0.031256931495045326,0.0282219551795858,0.02495908090367915,0.03070101714759728,0.029275223412493154,0.027610866023942974,0.001604120750672077,0.0,1.9450990916219442e-05,5.211685191432941e-05,7.483356168638739e-05,5.013989241353779e-05,4.5271423928110885e-05,4.00373795952949e-05,4.924813867320005e-05,4.696099335654128e-05,4.4291163133033544e-05,0.012125640110365805,0.0791401853928568,0.1720250741623437,1.9450990916219442e-05,0.0001269504136007168,0.00027594899109971844
90,Afghanistan,0.2717212372376147,48.599548281319436,38972.23,South Asia,0.0,0.027197617417296174,0.052303288911565146,0.06994074764727508,0.027366651194114956,0.02706334825672917,0.016733785374881086,0.013152832162670247,0.030266152921737715,0.00769681335135589,0.006412150894080688,0.0,0.00017439522683918016,0.000335376580757653,0.00044847062755914665,0.00017547909692233854,0.00017353427272120297,0.00010729955685289809,8.433794451155926e-05,0.00019407113951750332,4.9353128612468846e-05,0.027197617417296174,0.12224403655884022,0.12227958326148906,0.00017439522683918016,0.0007838472083167996,0.0007840751391379711
91,Sudan,0.2794395886310534,53.401499428373455,44440.486,Arab States,0.04958451183471406,0.009267576707750393,0.045010107822332744,0.03644960841014785,0.02434653086520914,0.025591042640865435,0.01989418228578247,0.02367071993265402,0.02881072988724379,0.01681457824435128,0.007311850054212455,0.0003625545155467521,6.776313125298279e-05,0.0003291071593208321,0.0002665140712297623,0.00017801818302666465,0.00018711786652096516,0.000145463277824811,0.00017307675482282413,0.0002106597368879439,0.00012294567484751946,0.05885208854246445,0.08145971623248059,0.13912778385610614,0.0004303176467997349,0.0005956212305505944,0.0010172814939307282
92,Uganda,0.281028478426914,49.157936612969635,44404.611,Sub-Saharan Africa,0.05845059447807988,0.008915772353812823,0.037611490994527624,0.023025723704101057,0.03157886202142984,0.027984813038091697,0.023292942523980967,0.02790451942642861,0.02761186102080496,0.014651898865650558,0.0073059474945353425,0.00042703697428122904,6.513816469018626e-05,0.0002747875783972077,0.00016822472840584017,0.00023071350786574264,0.00020445557470068603,0.00017017701507343448,0.0002038689537897289,0.00020173080684440808,0.00010704600380768493,0.0673663668318927,0.06063721469862868,0.15302489689638663,0.0004921751389714153,0.00044301230680304787,0.0011179918620816852
93,Angola,0.2824350475858491,55.266599376695645,33428.486,Sub-Saharan Africa,0.048781751838956486,0.010994454328139147,0.05232941937940847,0.03819106815752438,0.02210993942724317,0.024641313240748183,0.02050409755930938,0.023991529091034917,0.02451565678633495,0.016375817777151615,0.005500031596669314,0.0002683011764551421,6.0469846192903e-05,0.0002878134600221061,0.00021005208157693538,0.00012160536545028207,0.00013552800140754093,0.00011277318443739174,0.00013195416805310305,0.0001348368869379427,9.006751519563293e-05,0.059776206167095634,0.09052048753693284,0.1321383538818222,0.00032877102264804506,0.0004978655415990416,0.0007267651214818933
94,Tanzania,0.2841793106694123,49.79685104866718,61704.518,Sub-Saharan Africa,0.05418784858752618,0.009786763928027638,0.020455432763248155,0.042808689107798246,0.03159941658292073,0.029780483340647798,0.02407835407143212,0.030633839650830493,0.02631942669841909,0.014529055938566585,0.010152323340556029,0.0005501325599896581,9.935839185502679e-05,0.00020767016748349874,0.0004346076536077068,0.0003208074945227394,0.00030234109611229865,0.0002444512360415726,0.0003110046452979772,0.00026720332998041364,0.00014750367372135372,0.06397461251555381,0.06326412187104641,0.15694057628281682,0.0006494909518446848,0.0006422778210912056,0.0015933114756763551
95,Sierra Leone,0.2928993067145287,49.45788564830221,8233.97,Sub-Saharan Africa,0.05121106617633992,0.016067437698541066,0.04480926399168197,0.025640526481359283,0.032828312138235255,0.030064003757572982,0.019852971870712492,0.030553886500028646,0.022310894965234272,0.019560943134818872,0.0013547456252139935,6.937796786494082e-05,2.1767290930496904e-05,6.0705154361790076e-05,3.4736391078805035e-05,4.4474012252433654e-05,4.072907756698906e-05,2.6895726789344222e-05,4.1392744069198704e-05,3.0225587348760045e-05,2.6500102136955567e-05,0.06727850387488099,0.07044979047304126,0.15517101236660252,9.114525879543773e-05,9.544154544059511e-05,0.00021021725016368123
96,Mauritania,0.3270372484610208,55.95346042304807,4498.604,Sub-Saharan Africa,0.04903332833239121,0.008851035066651365,0.0671889576544048,0.07159065608442698,0.02666081534947338,0.023441149070524293,0.016762439742455625,0.02631178070982454,0.025990684781324748,0.011206401669557393,0.0007401610752249733,3.629256102036183e-05,6.551191631786617e-06,4.9730651140729456e-05,5.298861698351075e-05,1.973329775544069e-05,1.7350226100548144e-05,1.240690542316978e-05,1.9474955901267443e-05,1.9237293193578674e-05,8.294542309142536e-06,0.05788436339904258,0.1387796137388318,0.13037327132315998,4.284375265214845e-05,0.00010271926812424021,9.649722068314726e-05
97,"Congo, Democratic Republic of the",0.3311887359526684,51.33278162386483,92853.164,Sub-Saharan Africa,0.06462610886628399,0.011980007023037165,0.027421510206729824,0.03833581195616533,0.035453762475492284,0.0331909264262159,0.028175441076697054,0.03204368696004361,0.03291076502243182,0.02705071593955626,0.015277249943378163,0.0009873092180181882,0.00018302156161436453,0.0004189252652531069,0.0005856657810366828,0.0005416359907712574,0.0005070660788655757,0.00043044325559362485,0.0004895394147959539,0.0005027859830754786,0.0004132605485559246,0.07660611588932116,0.06575732216289515,0.18882529790043695,0.0011703307796325528,0.0010045910462897897,0.002884731271657815
98,Guinea-Bissau,0.3406887234429699,52.90500665327047,2015.828,Sub-Saharan Africa,0.05367970551783396,0.011558553495218886,0.06805012105069387,0.05121263735702995,0.03566861767639724,0.034015582723840386,0.01888135905311915,0.025247186645885548,0.0352828522231178,0.007092107699846073,0.0003316667614994801,1.7803774087345762e-05,3.833588005377744e-06,2.2569963268531235e-05,1.698552958005342e-05,1.1830094911893784e-05,1.1281838162533805e-05,6.2623192098569185e-06,8.37365263181378e-06,1.1702149333306213e-05,2.352216393013474e-06,0.06523825901305284,0.11926275840772382,0.1561877060222062,2.1637362092723507e-05,3.955549284858465e-05,5.180227064241797e-05
99,Ethiopia,0.3666042420165839,53.3344485305251,117190.911,Sub-Saharan Africa,0.04479095476620916,0.006659561378617932,0.06369336390838594,0.051672770817135456,0.03792030934770664,0.03599054677134357,0.025999612457486613,0.031821255815785404,0.0375183768378883,0.03053748991602033,0.019281570614429307,0.0008636399572123708,0.00012840680298294784,0.0012281080938700865,0.0009963321793538193,0.0007311631224088094,0.0006939542690235817,0.000501313363546824,0.0006135637910518856,0.0007234132323385122,0.0005888107682031689,0.05145051614482709,0.1153661347255214,0.19978759114623085,0.0009920467601953187,0.0022244402732239056,0.003852218546572782
100,Benin,0.3676748243127386,55.042057226686815,12643.123,Sub-Saharan Africa,0.05936569483965196,0.01727161837280795,0.07389283907241179,0.05946499964592165,0.036860793671767735,0.03582349552511405,0.02072540044264898,0.03059932329189192,0.023840981354360014,0.009829678096156593,0.002080189212893953,0.00012349187802139822,3.592823422833611e-05,0.0001537110867485398,0.00012369845080818895,7.667742537472093e-05,7.451964895949704e-05,4.311275443370597e-05,6.365238223364826e-05,4.9593752238145564e-05,2.0447590341844913e-05,0.07663731321245991,0.13335783871833343,0.1576796723819393,0.00015942011224973432,0.0002774095375567288,0.00032800355358156264
101,Guinea,0.373221634370679,56.368437089343594,13205.153,Sub-Saharan Africa,0.059550825108368184,0.020143007205521715,0.07679896970440872,0.0664368923312992,0.03652236767905218,0.030794309737271593,0.02053774933611641,0.027222191127232943,0.021782350398255223,0.013432971743139312,0.002172660728303776,0.000129383739051038,4.376392070537702e-05,0.00016685810545096028,0.00014434482687876007,7.935071396094781e-05,6.690558742139256e-05,4.462156143032707e-05,5.914458560051852e-05,4.732565728044124e-05,2.9185290170733103e-05,0.0796938323138899,0.14323586203570793,0.15029194002106766,0.00017314765975641504,0.0003112029323297204,0.00032653339586436033
102,Mali,0.3760629216023917,55.034469869389326,21224.04,Sub-Saharan Africa,0.053854728720036854,0.019740444940326327,0.07736645185720642,0.07744657866329063,0.03761085719449846,0.02891822522313111,0.018728134945394905,0.024175778513689614,0.03359985185312135,0.004621869691683097,0.0034920184721788897,0.00018806170750455166,6.893399838064983e-05,0.0002701650790123036,0.00027044488329926636,0.0001313378080776709,0.00010098297666180333,6.539899317877799e-05,8.442226514910963e-05,0.00011733130333357385,1.6139654339361123e-05,0.07359517366036318,0.15481303052049705,0.14765471742151853,0.0002569957058852015,0.0005406099623115699,0.0005156130007402969
103,Madagascar,0.3839744569505882,55.5853756187473,28225.177,Sub-Saharan Africa,0.05079425736963244,0.008685218984598495,0.0822762551953198,0.04466251190877977,0.03828113546256795,0.03791336850358999,0.029353616011198763,0.030609963179848827,0.03422956656109357,0.02716856377396544,0.004643924505632233,0.00023588469654422674,4.033350127935925e-05,0.0003820847177331969,0.0002074093335362738,0.00017777470307804642,0.00017606682108488683,0.00013631597672332461,0.0001421503581274003,0.00015895952297023208,0.00012616875909275026,0.05947947635423093,0.12693876710409957,0.19755621349226454,0.00027621819782358597,0.0005894940512694707,0.0009174361410766406
104,Burundi,0.4088610942404922,54.44405514906217,12220.227,Sub-Saharan Africa,0.08432729238938955,0.01310553009628016,0.07095467489309282,0.04007094563100866,0.041585709363001246,0.02539453843156317,0.023766715775788164,0.040841477801511816,0.03922376659760529,0.029590443261257343,0.0020106095926232335,0.0001695492629980508,2.6350104527993378e-05,0.00014266214998151532,8.056702767119006e-05,8.361262616129213e-05,5.105850257074027e-05,4.7785586723949614e-05,8.21162670446285e-05,7.886368137995996e-05,5.949482907105753e-05,0.0974328224856697,0.11102562052410148,0.200402651230727,0.0001958993675260442,0.0002232291776527054,0.000402931492951628
105,Mozambique,0.4169554121514578,57.010510250543604,31178.239,Sub-Saharan Africa,0.06227790784157187,0.012794084743896584,0.08402336960518539,0.04984852517994833,0.04043561851873435,0.03592516411068218,0.031062365903173288,0.037773439301594436,0.03858702695734551,0.02422790998932389,0.005129795576997041,0.0003194729361903247,6.563103933096601e-05,0.0004310227097650676,0.00025571274398792455,0.00020742645703054308,0.0001842887479578703,0.00015934358722116202,0.00019377002185728533,0.00019794356021525657,0.0001242842255031161,0.07507199258546846,0.13387189478513373,0.20801152478085366,0.00038510397552129073,0.0006867354537529922,0.0010670565997852335
106,Central African Republic,0.4613475237518247,57.37141588234322,5343.02,Sub-Saharan Africa,0.07323069978957779,0.019953504780597625,0.07710107618840616,0.05120903003786817,0.04442684715135553,0.04191814643479182,0.033912306623829686,0.0417144819092769,0.04191794730006279,0.03596348353605005,0.0008790939207248597,6.437666299544509e-05,1.7541004749777798e-05,6.77790873585721e-05,4.501754699250664e-05,3.90553712477292e-05,3.684998769887994e-05,2.9812102590766067e-05,3.667094745263246e-05,3.6849812640750243e-05,3.161527974463018e-05,0.09318420457017541,0.1283101062262743,0.2398532129553668,8.19176677452229e-05,0.00011279663435107874,0.00021085350137538811
107,Chad,0.517011206983083,61.42103114345356,16644.701,Sub-Saharan Africa,0.07436080221832451,0.02462435796387561,0.09659486071886075,0.09249769484586258,0.04556193351699155,0.04308333709454898,0.026100807847166268,0.044886834951752295,0.0446445234213201,0.024656054404409763,0.0027385739640471106,0.00020364255690076015,6.743562560124586e-05,0.00026453217062542904,0.0002533117788392539,0.00012477472488127848,0.00011798690525139692,7.147899281084606e-05,0.0001229259175273487,0.00012226232947891867,6.752242864804567e-05,0.09898516018220013,0.18909255556472332,0.22893349123618897,0.00027107818250200603,0.0005178439494646829,0.0006269512985978344
108,Burkina Faso,0.5234242793578866,62.170061471521755,21522.626,Sub-Saharan Africa,0.07900622183035674,0.028315816568062,0.11400422264991952,0.09735754254271187,0.04645393826105901,0.04251850703397487,0.022943791438281024,0.04541659111995278,0.03985582097961416,0.007551826933962679,0.0035411452090081644,0.000279772503916404,0.00010027041817914676,0.00040370550684346257,0.00034475719533593266,0.00016450014091271017,0.00015056420747754004,8.124729712815139e-05,0.00016082674405390354,0.00014113524951304778,2.6742115766460758e-05,0.10732203839841875,0.2113617651926314,0.2047404757668445,0.00038004292209555077,0.0007484627021793952,0.0007250157548518136
109,South Sudan,0.5801574344464715,63.15471283258679,10606.227,Sub-Saharan Africa,0.060148349699106686,0.02100192728474505,0.11134374081272963,0.11817941232992425,0.05079225344701361,0.04801506637867387,0.03261243043789996,0.04976323933664941,0.05042393034742088,0.03787708437226758,0.0017450561063832564,0.00010496224493130163,3.664954145406147e-05,0.00019430107481280845,0.00020622970513511902,8.86353320346771e-05,8.378898478250223e-05,5.6910520879656494e-05,8.683964467783152e-05,8.799258756061081e-05,6.609763737581936e-05,0.08115027698385174,0.22952315314265387,0.2694840043199253,0.00014161178638536311,0.0004005307799479275,0.0004702647073110975
110,Niger,0.6012798122205688,66.09565360262863,24333.639,Sub-Saharan Africa,0.09733950880866608,0.03157978407837206,0.12424727500709987,0.09657798260899182,0.05019834841388818,0.04708045746913138,0.03340163343867116,0.04586238885372174,0.04939033253618178,0.025602101005833915,0.004003644776552091,0.0003897128159939622,0.00012643423757001718,0.0004974419535830066,0.00038666393560242874,0.00020097635541880532,0.0001884934276239707,0.00013372827524504345,0.00018361671357440388,0.00019774134687065495,0.00010250171796076598,0.12891929288703813,0.22082525761609167,0.2515352617174281,0.0005161470535639794,0.0008841058891854353,0.0010070578366936445
